210421121417	MV01
210421121418	MV02
210421121419	MV03
210421121420	MV04
210421121421	MV05
210421121422	MV06
210421121423	MV07
210421121424	MV08
210421121425	MV10
210421121426	MV11
210421121427	MV13
210421121428	MV14
210421121429	MV15
210421121430	MV16
210421121431	MV18
210421121432	MV21
210421121433	MV24
210421121434	MV25
210421121435	MV26
210421121436	MV27
210421121437	MV29
210421121438	MV31
210421121439	MV33
210421121440	MV36
210421121441	MV38
210421121442	MV41
210421121443	MV42
210421121444	MV44
210421121445	MV45
210421121446	MV46
210421121447	MV47
210421121448	MV48
210421121449	MV49
210421121450	MV56
210421121451	MV58
210421121452	MV63
210421121453	MV65
210421121454	MV66
210421121455	MV67
210421121456	MV68
210421121457	MV69
210421121458	MV71
210421121459	MV72
210421121460	MV74
210421121461	MV75
210421121462	MV76
210421121463	MV78
210421121464	MV80
210421121465	MV81
210421121466	MV82
210421121647	MV85
210421121648	MV86
210421121649	MV89
210421121650	MV90
210421121651	MV92
210421121652	MV93
210421121653	MV94
210421121654	MV96
210421121655	MV98
210421121656	MV99
210421121657	MV102
210421121658	MV103
210421121659	MV104
210421121660	MV107
210421121661	MV109
210421121662	MV110
210421121663	MV112
210421121664	MV113
210421121665	MV117
210421121666	MV119
210421121667	MV120
210421121668	MV124
210421121669	MV125
210421121670	MV126
210421121671	MV131
210421121672	MV133
